standatd,pIC50
1.1,8.958607315
0.4,9.397940009
44,7.356547324
0.9,9.045757491
3,8.522878745
7,8.15490196
0.5,9.301029996
47,7.327902142
170,6.769551079
0.1,10
0.13,9.886056648
44,7.356547324
0.1,10
11,7.958607315
2.6,8.585026652
7,8.15490196
1.1,8.958607315
0.5,9.301029996
0.6,9.22184875
11,7.958607315
320,6.494850022
0.2,9.698970004
2.4,8.619788758
0.5,9.301029996
11,7.958607315
0.2,9.698970004
0.6,9.22184875
6,8.22184875
0.6,9.22184875
1,9
1.2,8.920818754
79,7.102372909
130,6.886056648
22,7.657577319
1.4,8.853871964
0.3,9.522878745
0.2,9.698970004
30,7.522878745
67,7.173925197
1.5,8.823908741
0.1,10
515,6.288192771
96,7.017728767
36,7.443697499
110,6.958607315
47,7.327902142
48,7.318758763
66,7.180456064
80,7.096910013
54,7.26760624
180,6.744727495
200,6.698970004
32,7.494850022
600,6.22184875
260,6.585026652
100,7
340,6.468521083
80,7.096910013
9,8.045757491
110,6.958607315
38,7.420216403
25,7.602059991
450,6.346787486
23,7.638272164
30,7.522878745
69,7.161150909
113,6.946921557
120,6.920818754
230,6.638272164
350,6.455931956
49,7.30980392
16,7.795880017
270,6.568636236
170,6.769551079
100,7
390,6.408935393
33,7.48148606
19,7.721246399
230,6.638272164
610,6.214670165
18,7.744727495
27,7.568636236
1.5,8.823908741
480,6.318758763
45,7.346787486
12,7.920818754
3,8.522878745
42,7.37675071
1.4,8.853871964
83,7.080921908
8.5,8.070581074
20,7.698970004
86,7.065501549
53,7.27572413
34,7.468521083
170,6.769551079
20,7.698970004
160,6.795880017
53,7.27572413
58,7.236572006
9.6,8.017728767
79,7.102372909
145,6.838631998
5,8.301029996
437,6.359518563
574,6.241088108
7,8.15490196
12,7.920818754
29,7.537602002
143,6.844663963
4,8.397940009
39,7.408935393
38,7.420216403
811,6.090979146
10,8
29,7.537602002
193,6.714442691
101,6.995678626
63,7.200659451
54,7.26760624
13,7.886056648
21,7.677780705
42,7.37675071
139,6.8569852
68,7.167491087
24,7.619788758
185,6.732828272
217,6.663540266
5,8.301029996
172,6.764471553
98,7.008773924
895,6.048176965
1,9
3,8.522878745
53,7.27572413
1,9
400,6.397940009
6.5,8.187086643
86,7.065501549
21,7.677780705
3,8.522878745
58,7.236572006
370,6.431798276
120,6.920818754
120,6.920818754
120,6.920818754
920,6.036212173
260,6.585026652
290,6.537602002
36,7.443697499
160,6.795880017
200,6.698970004
190,6.721246399
2,8.698970004
710,6.148741651
100,7
220,6.657577319
20,7.698970004
53,7.27572413
35,7.455931956
70,7.15490196
160,6.795880017
13,7.886056648
140,6.853871964
420,6.37675071
270,6.568636236
37,7.431798276
183,6.73754891
310,6.508638306
42,7.37675071
54,7.26760624
110,6.958607315
235,6.628932138
69,7.161150909
69,7.161150909
200,6.698970004
44,7.356547324
290,6.537602002
45,7.346787486
430,6.366531544
33,7.48148606
38,7.420216403
87,7.060480747
57,7.244125144
260,6.585026652
67,7.173925197
220,6.657577319
413,6.384049948
27,7.568636236
56,7.251811973
44,7.356547324
88,7.055517328
610,6.214670165
482,6.316952962
180,6.744727495
43,7.366531544
28,7.552841969
947,6.023650021
741,6.130181792
750,6.124938737
387,6.412289035
119,6.924453039
660,6.180456064
210,6.677780705
73,7.13667714
33,7.48148606
32,7.494850022
12,7.920818754
253,6.596879479
34,7.468521083
6,8.22184875
441,6.355561411
290,6.537602002
270,6.568636236
57,7.244125144
830,6.080921908
32,7.494850022
663,6.178486472
42,7.37675071
44,7.356547324
400,6.397940009
464,6.333482019
60,7.22184875
130,6.886056648
650,6.187086643
79,7.102372909
215,6.66756154
87,7.060480747
25,7.602059991
132,6.879426069
312,6.505845406
35,7.455931956
44,7.356547324
53,7.27572413
33,7.48148606
41,7.387216143
165,6.782516056
209,6.679853714
290,6.537602002
7.4,8.13076828
20,7.698970004
119,6.924453039
43,7.366531544
6,8.22184875
15,7.823908741
180,6.744727495
42,7.37675071
114,6.943095149
30,7.522878745
110,6.958607315
23,7.638272164
6.6,8.180456064
18.7,7.728158393
120,6.920818754
19,7.721246399
32,7.494850022
34.3,7.46470588
89.7,7.047207557
95,7.022276395
406,6.391473966
453,6.343901798
56,7.251811973
85.4,7.068542129
29,7.537602002
177,6.752026734
105,6.978810701
41,7.387216143
39,7.408935393
250,6.602059991
15.2,7.818156412
174,6.759450752
500,6.301029996
10.7,7.970616222
82,7.086186148
151,6.821023053
11,7.958607315
317,6.498940738
797,6.098541679
13,7.886056648
60,7.22184875
75,7.124938737
599,6.222573178
14,7.853871964
15.7,7.804100348
325,6.488116639
130,6.886056648
189,6.723538196
300,6.522878745
13,7.886056648
56,7.251811973
130,6.886056648
134,6.872895202
21.6,7.665546249
125,6.903089987
4.9,8.30980392
4.2,8.37675071
4.3,8.366531544
4.7,8.327902142
4.5,8.346787486
15.9,7.798602876
4.4,8.356547324
4.8,8.318758763
15.3,7.815308569
2.7,8.568636236
5.5,8.259637311
19.9,7.701146924
22.8,7.642065153
20.7,7.684029655
460,6.337242168
520,6.283996656
84,7.075720714
48,7.318758763
30,7.522878745
0.9,9.045757491
5,8.301029996
15,7.823908741
53,7.27572413
94,7.026872146
20,7.698970004
240,6.619788758
26,7.585026652
8.8,8.055517328
13,7.886056648
7.9,8.102372909
5.6,8.251811973
8.1,8.091514981
7.1,8.148741651
30,7.522878745
31,7.508638306
31,7.508638306
91,7.040958608
110,6.958607315
210,6.677780705
120,6.920818754
130,6.886056648
13,7.886056648
13,7.886056648
6.7,8.173925197
5.1,8.292429824
8.1,8.091514981
3,8.522878745
160,6.795880017
14,7.853871964
26,7.585026652
37,7.431798276
34,7.468521083
11,7.958607315
9.1,8.040958608
90,7.045757491
295,6.530177984
116,6.935542011
54,7.26760624
217,6.663540266
28,7.552841969
31,7.508638306
30,7.522878745
18,7.744727495
46,7.337242168
13,7.886056648
8.7,8.060480747
3.2,8.494850022
24,7.619788758
3.7,8.431798276
16,7.795880017
4.4,8.356547324
0.26,9.585026652
1.87,8.728158393
1.6,8.795880017
10.5,7.978810701
7.1,8.148741651
1.3,8.886056648
3.2,8.494850022
0.84,9.075720714
6.7,8.173925197
8.1,8.091514981
1.4,8.853871964
0.51,9.292429824
0.38,9.420216403
0.3,9.522878745
0.1,10
0.14,9.853871964
0.31,9.508638306
1.15,8.93930216
0.51,9.292429824
0.61,9.214670165
0.45,9.346787486
40,7.397940009
199,6.701146924
251,6.600326279
581,6.235823868
180,6.744727495
162,6.790484985
50,7.301029996
171,6.76700389
37,7.431798276
33.2,7.478861916
2.8,8.552841969
15.4,7.812479279
6.2,8.207608311
18.3,7.73754891
37.8,7.4225082
6.6,8.180456064
4.3,8.366531544
17.7,7.752026734
13.5,7.869666232
3,8.522878745
4.6,8.337242168
5.8,8.236572006
14.6,7.835647144
22.3,7.651695137
12.4,7.906578315
2.2,8.657577319
5.1,8.292429824
2.5,8.602059991
43.2,7.364516253
4.1,8.387216143
3.2,8.494850022
7.2,8.142667504
83.3,7.079354999
11.1,7.954677021
26.4,7.578396073
8.3,8.080921908
14.5,7.838631998
24.5,7.610833916
5.6,8.251811973
8,8.096910013
54.5,7.263603498
16.6,7.779891912
47.2,7.326058001
5.4,8.26760624
9.2,8.036212173
544,6.2644011
83.2,7.079876674
285,6.54515514
19.5,7.709965389
21.6,7.665546249
15.3,7.815308569
7.6,8.119186408
55.5,7.255707017
17.7,7.752026734
10.9,7.962573502
8.8,8.055517328
5.5,8.259637311
198,6.70333481
4.7,8.327902142
17.9,7.747146969
14,7.853871964
12.3,7.910094889
0.4,9.397940009
0.4,9.397940009
3.5,8.455931956
11.8,7.928117993
19.9,7.701146924
3.5,8.455931956
0.7,9.15490196
3.75,8.425968732
1.1,8.958607315
1.1,8.958607315
25,7.602059991
24,7.619788758
3,8.522878745
9.7,8.013228266
1.5,8.823908741
6,8.22184875
2,8.698970004
0.2,9.698970004
4.2,8.37675071
5.3,8.27572413
2,8.698970004
3,8.522878745
1.1,8.958607315
0.8,9.096910013
1.9,8.721246399
4,8.397940009
2,8.698970004
5.6,8.251811973
4.2,8.37675071
0.5,9.301029996
1,9
20,7.698970004
4,8.397940009
2,8.698970004
2,8.698970004
1.2,8.920818754
0.5,9.301029996
0.6,9.22184875
0.7,9.15490196
9.6,8.017728767
1.8,8.744727495
2.5,8.602059991
9.1,8.040958608
2.3,8.638272164
7.8,8.107905397
8.8,8.055517328
10,8
2,8.698970004
2,8.698970004
57,7.244125144
2,8.698970004
7,8.15490196
9,8.045757491
65,7.187086643
25,7.602059991
40,7.397940009
3,8.522878745
109,6.962573502
6,8.22184875
277,6.557520231
5,8.301029996
0.9,9.045757491
172,6.764471553
76,7.119186408
31,7.508638306
4,8.397940009
168,6.774690718
9,8.045757491
139,6.8569852
14,7.853871964
93,7.031517051
21,7.677780705
50,7.301029996
790,6.102372909
310,6.508638306
140,6.853871964
760,6.119186408
560,6.251811973
20,7.698970004
8,8.096910013
11,7.958607315
35,7.455931956
20,7.698970004
9,8.045757491
5,8.301029996
490,6.30980392
197,6.705533774
168,6.774690718
25,7.602059991
52,7.283996656
44,7.356547324
18,7.744727495
57,7.244125144
51,7.292429824
16,7.795880017
8,8.096910013
100,7
346,6.460923901
64,7.193820026
264,6.578396073
31,7.508638306
250,6.602059991
24,7.619788758
28,7.552841969
73,7.13667714
84,7.075720714
227,6.643974143
53,7.27572413
97,7.013228266
195,6.709965389
37,7.431798276
33,7.48148606
29,7.537602002
16,7.795880017
13,7.886056648
29,7.537602002
14,7.853871964
11,7.958607315
13,7.886056648
164,6.785156152
50,7.301029996
38,7.420216403
167,6.777283529
593,6.226945307
137,6.863279433
39,7.408935393
26,7.585026652
30,7.522878745
40,7.397940009
37,7.431798276
40,7.397940009
55,7.259637311
154,6.812479279
112,6.950781977
68,7.167491087
47,7.327902142
220,6.657577319
8,8.096910013
42,7.37675071
4,8.397940009
78,7.107905397
1.1,8.958607315
80,7.096910013
60,7.22184875
0.9,9.045757491
180,6.744727495
2.2,8.657577319
1.2,8.920818754
0.4,9.397940009
8,8.096910013
2.2,8.657577319
3,8.522878745
10,8
0.9,9.045757491
3.1,8.508638306
23,7.638272164
1.2,8.920818754
1.5,8.823908741
3.3,8.48148606
12,7.920818754
13,7.886056648
13,7.886056648
3.6,8.443697499
5.6,8.251811973
7.7,8.113509275
4.7,8.327902142
230,6.638272164
20,7.698970004
680,6.167491087
5.5,8.259637311
15,7.823908741
21,7.677780705
17,7.769551079
11,7.958607315
5.5,8.259637311
3.2,8.494850022
3.7,8.431798276
2.7,8.568636236
1.6,8.795880017
3.3,8.48148606
10,8
6.5,8.187086643
12,7.920818754
16,7.795880017
47,7.327902142
6.4,8.193820026
20,7.698970004
33,7.48148606
48,7.318758763
175,6.756961951
72,7.142667504
146,6.835647144
33,7.48148606
7.1,8.148741651
21,7.677780705
39,7.408935393
130,6.886056648
330,6.48148606
53,7.27572413
34,7.468521083
160,6.795880017
110,6.958607315
110,6.958607315
270,6.568636236
3.8,8.420216403
5.4,8.26760624
4.2,8.37675071
3.4,8.468521083
2,8.698970004
22,7.657577319
2.3,8.638272164
3.5,8.455931956
3.5,8.455931956
4.5,8.346787486
3.2,8.494850022
4.1,8.387216143
36,7.443697499
62,7.207608311
13,7.886056648
28,7.552841969
140,6.853871964
2.3,8.638272164
3.6,8.443697499
7.2,8.142667504
7,8.15490196
3.2,8.494850022
3.9,8.408935393
3.9,8.408935393
5.1,8.292429824
3.7,8.431798276
8.8,8.055517328
7.1,8.148741651
20.4,7.690369833
6.7,8.173925197
8.5,8.070581074
14.5,7.838631998
26.1,7.583359493
34.7,7.459670525
6.1,8.214670165
4.4,8.356547324
6.4,8.193820026
4.5,8.346787486
2.5,8.602059991
3.5,8.455931956
158,6.801342913
6,8.22184875
11.2,7.950781977
9.9,8.004364805
16.2,7.790484985
56.4,7.248720896
131,6.882728704
88.4,7.053547735
156,6.806875402
2.4,8.619788758
856,6.067526235
254,6.595166283
0.75,9.124938737
130,6.886056648
47,7.327902142
32,7.494850022
28,7.552841969
200,6.698970004
80,7.096910013
73,7.13667714
460,6.337242168
350,6.455931956
13.4,7.872895202
5,8.301029996
28,7.552841969
0.7,9.15490196
4,8.397940009
1.5,8.823908741
9,8.045757491
6,8.22184875
27.5,7.560667306
103,6.987162775
233,6.632644079
6,8.22184875
4,8.397940009
22,7.657577319
10,8
12,7.920818754
3,8.522878745
8,8.096910013
0.9,9.045757491
179,6.747146969
63,7.200659451
5,8.301029996
6,8.22184875
10,8
199,6.701146924
2,8.698970004
28,7.552841969
5,8.301029996
14,7.853871964
1,9
10,8
87,7.060480747
380,6.420216403
50,7.301029996
3,8.522878745
8,8.096910013
3,8.522878745
5,8.301029996
21,7.677780705
240,6.619788758
184,6.735182177
4,8.397940009
7,8.15490196
9,8.045757491
24,7.619788758
6,8.22184875
9,8.045757491
67,7.173925197
13,7.886056648
13,7.886056648
253,6.596879479
12,7.920818754
6,8.22184875
4,8.397940009
18,7.744727495
11,7.958607315
10,8
8,8.096910013
5,8.301029996
14,7.853871964
27,7.568636236
16,7.795880017
2,8.698970004
12,7.920818754
23,7.638272164
2,8.698970004
16,7.795880017
7,8.15490196
123,6.910094889
924,6.034328029
14,7.853871964
32,7.494850022
13,7.886056648
94,7.026872146
19,7.721246399
10,8
63,7.200659451
23,7.638272164
5,8.301029996
5,8.301029996
4,8.397940009
3,8.522878745
1,9
2,8.698970004
0.1,10
530,6.27572413
670,6.173925197
2.4,8.619788758
0.8,9.096910013
2,8.698970004
0.8,9.096910013
1,9
0.6,9.22184875
182,6.739928612
1.1,8.958607315
1.2,8.920818754
1.9,8.721246399
0.6,9.22184875
250,6.602059991
440,6.356547324
9,8.045757491
130,6.886056648
79,7.102372909
47,7.327902142
16,7.795880017
6,8.22184875
2,8.698970004
18,7.744727495
63,7.200659451
160,6.795880017
230,6.638272164
650,6.187086643
270,6.568636236
610,6.214670165
21,7.677780705
10,8
23,7.638272164
42,7.37675071
33,7.48148606
40,7.397940009
34,7.468521083
200,6.698970004
160,6.795880017
76,7.119186408
450,6.346787486
240,6.619788758
150,6.823908741
86,7.065501549
460,6.337242168
850,6.070581074
550,6.259637311
970,6.013228266
610,6.214670165
0.7,9.15490196
967,6.014573526
174,6.759450752
411,6.386158178
24,7.619788758
149,6.826813732
39,7.408935393
228,6.642065153
802,6.095825632
23,7.638272164
21,7.677780705
208,6.681936665
9,8.045757491
17,7.769551079
17,7.769551079
15,7.823908741
37,7.431798276
24,7.619788758
126,6.899629455
38,7.420216403
5,8.301029996
8,8.096910013
491,6.308918508
14,7.853871964
42,7.37675071
20,7.698970004
70,7.15490196
0.74,9.13076828
444,6.35261703
2.6,8.585026652
3.7,8.431798276
1.1,8.958607315
3.2,8.494850022
269,6.57024772
3.3,8.48148606
8.5,8.070581074
1.5,8.823908741
4,8.397940009
1.2,8.920818754
4,8.397940009
1,9
1.1,8.958607315
13,7.886056648
7.8,8.107905397
2.9,8.537602002
1.1,8.958607315
6.1,8.214670165
3.3,8.48148606
1.9,8.721246399
1.1,8.958607315
1.9,8.721246399
1.4,8.853871964
51,7.292429824
110,6.958607315
350,6.455931956
450,6.346787486
440,6.356547324
170,6.769551079
220,6.657577319
220,6.657577319
45,7.346787486
680,6.167491087
760,6.119186408
420,6.37675071
370,6.431798276
470,6.327902142
420,6.37675071
310,6.508638306
95,7.022276395
230,6.638272164
250,6.602059991
400,6.397940009
96,7.017728767
75,7.124938737
10,8
299,6.524328812
32,7.494850022
34,7.468521083
187,6.728158393
140,6.853871964
752,6.123782159
330,6.48148606
133,6.876148359
251,6.600326279
105,6.978810701
15,7.823908741
224,6.649751982
50,7.301029996
488,6.311580178
110,6.958607315
51,7.292429824
108,6.966576245
135,6.869666232
200,6.698970004
370,6.431798276
79.3,7.100726813
4.8,8.318758763
24.9,7.603800653
16.3,7.787812396
7.2,8.142667504
141,6.850780887
106,6.974694135
28.3,7.548213564
33.3,7.477555766
181,6.742321425
241,6.617982957
7.8,8.107905397
60.8,7.216096421
39.9,7.399027104
46.5,7.332547047
20.5,7.688246139
322,6.492144128
201,6.696803943
293,6.53313238
367,6.435333936
212,6.673664139
12.3,7.910094889
889,6.051098239
26.1,7.583359493
85,7.070581074
160,6.795880017
25,7.602059991
0.74,9.13076828
960,6.017728767
405.2,6.392330563
16,7.795880017
48.8,7.311580178
60.1,7.221125528
100.2,6.999132278
94.4,7.025028006
105.2,6.97798426
468.4,6.329383114
11,7.958607315
96.3,7.016373713
121.7,6.914709422
1.6,8.795880017
4.6,8.337242168
5,8.301029996
8.5,8.070581074
12,7.920818754
3,8.522878745
43,7.366531544
3.3,8.48148606
10,8
36,7.443697499
2.1,8.677780705
1.7,8.769551079
1.4,8.853871964
3,8.522878745
4.1,8.387216143
2.3,8.638272164
7.7,8.113509275
2.7,8.568636236
10,8
1.6,8.795880017
6.3,8.200659451
1.7,8.769551079
48.3,7.316052869
90,7.045757491
25.3,7.596879479
54.7,7.262012674
31.6,7.500312917
39.2,7.406713933
40.5,7.392544977
26.5,7.576754126
99.6,7.001740662
67.3,7.171984936
41,7.387216143
70,7.15490196
106,6.974694135
14,7.853871964
70,7.15490196
126,6.899629455
68,7.167491087
111,6.954677021
71,7.148741651
80,7.096910013
48,7.318758763
35,7.455931956
184,6.735182177
88,7.055517328
31,7.508638306
205,6.688246139
19,7.721246399
47,7.327902142
152,6.818156412
110,6.958607315
94,7.026872146
88,7.055517328
198,6.70333481
82,7.086186148
46,7.337242168
54,7.26760624
903,6.04431225
50,7.301029996
14,7.853871964
4.5,8.346787486
2,8.698970004
2,8.698970004
15,7.823908741
18.4,7.735182177
1,9
189.3,6.722849386
1,9
105.5,6.97674754
2.2,8.657577319
0.9,9.045757491
328,6.484126156
111,6.954677021
299,6.524328812
78,7.107905397
8.4,8.075720714
55.8,7.253365801
6.1,8.214670165
2.7,8.568636236
2.7,8.568636236
2.7,8.568636236
3.1,8.508638306
1.4,8.853871964
2.6,8.585026652
14.5,7.838631998
2.7,8.568636236
2.1,8.677780705
3.9,8.408935393
3.1,8.508638306
2.9,8.537602002
1.6,8.795880017
110,6.958607315
65,7.187086643
397,6.401209493
166,6.779891912
259,6.586700236
18,7.744727495
222,6.653647026
24,7.619788758
13,7.886056648
10,8
12,7.920818754
27,7.568636236
31,7.508638306
41,7.387216143
50,7.301029996
72,7.142667504
35,7.455931956
7.1,8.148741651
3.9,8.408935393
225,6.647817482
520,6.283996656
314,6.503070352
52,7.283996656
52,7.283996656
22,7.657577319
859,6.066006836
42,7.37675071
114,6.943095149
17,7.769551079
17,7.769551079
16,7.795880017
4,8.397940009
8,8.096910013
5,8.301029996
46,7.337242168
16,7.795880017
573,6.241845378
5,8.301029996
8,8.096910013
6,8.22184875
2,8.698970004
7,8.15490196
16,7.795880017
223,6.651695137
292,6.534617149
384,6.415668776
57,7.244125144
508,6.294136288
949,6.022733788
48,7.318758763
68,7.167491087
27,7.568636236
50,7.301029996
7,8.15490196
16,7.795880017
9,8.045757491
119,6.924453039
25,7.602059991
48,7.318758763
15,7.823908741
5,8.301029996
145,6.838631998
14,7.853871964
8,8.096910013
7,8.15490196
7,8.15490196
5,8.301029996
3,8.522878745
2,8.698970004
3,8.522878745
4,8.397940009
2,8.698970004
2,8.698970004
2,8.698970004
7,8.15490196
2,8.698970004
5,8.301029996
6,8.22184875
4,8.397940009
5,8.301029996
4,8.397940009
91,7.040958608
42,7.37675071
10,8
158,6.801342913
223,6.651695137
21,7.677780705
5,8.301029996
106,6.974694135
50,7.301029996
14,7.853871964
1,9
594,6.226213555
4,8.397940009
15,7.823908741
15,7.823908741
111,6.954677021
2,8.698970004
42,7.37675071
11,7.958607315
40,7.397940009
18,7.744727495
1,9
9,8.045757491
2,8.698970004
20,7.698970004
6,8.22184875
1,9
12,7.920818754
7,8.15490196
2,8.698970004
1,9
260,6.585026652
4,8.397940009
31,7.508638306
67,7.173925197
25,7.602059991
85.4,7.068542129
134,6.872895202
151,6.821023053
209,6.679853714
317,6.498940738
453,6.343901798
60,7.22184875
193,6.714442691
1.05,8.978810701
12,7.920818754
12,7.920818754
2,8.698970004
9.5,8.022276395
34,7.468521083
48.5,7.314258261
8.5,8.070581074
3,8.522878745
21,7.677780705
325,6.488116639
4,8.397940009
0.22,9.657577319
6,8.22184875
10,8
3,8.522878745
275,6.560667306
20,7.698970004
12,7.920818754
9,8.045757491
1.2,8.920818754
8,8.096910013
130,6.886056648
2,8.698970004
0.9,9.045757491
1.3,8.886056648
1.4,8.853871964
5,8.301029996
3,8.522878745
3,8.522878745
4,8.397940009
5,8.301029996
6,8.22184875
7,8.15490196
8,8.096910013
10,8
10,8
11,7.958607315
11,7.958607315
12,7.920818754
12,7.920818754
14,7.853871964
14,7.853871964
15,7.823908741
18,7.744727495
19,7.721246399
19,7.721246399
27,7.568636236
35,7.455931956
36,7.443697499
40,7.397940009
44,7.356547324
45,7.346787486
51,7.292429824
52,7.283996656
55,7.259637311
55,7.259637311
59,7.229147988
88,7.055517328
140,6.853871964
230,6.638272164
240,6.619788758
0.08,10.09691001
0.09,10.04575749
1.65,8.782516056
1.4,8.853871964
1,9
0.9,9.045757491
1.4,8.853871964
0.8,9.096910013
1.8,8.744727495
1.8,8.744727495
2.3,8.638272164
5.6,8.251811973
5.2,8.283996656
7.4,8.13076828
6.7,8.173925197
13,7.886056648
62,7.207608311
72,7.142667504
32,7.494850022
583,6.234331445
741,6.130181792
7.4,8.13076828
7.6,8.119186408
173,6.761953897
880,6.055517328
9,8.045757491
135,6.869666232
18,7.744727495
87,7.060480747
2,8.698970004
4.7,8.327902142
0.9,9.045757491
38,7.420216403
4,8.397940009
0.4,9.397940009
0.16,9.795880017
0.06,10.22184875
38,7.420216403
5,8.301029996
1.2,8.920818754
34,7.468521083
68,7.167491087
144,6.841637508
195,6.709965389
333,6.477555766
148,6.829738285
141,6.850780887
41,7.387216143
66,7.180456064
90,7.045757491
422,6.374687549
81,7.091514981
77,7.113509275
37,7.431798276
14,7.853871964
0.82,9.086186148
0.49,9.30980392
0.72,9.142667504
0.59,9.229147988
0.53,9.27572413
29,7.537602002
14,7.853871964
0.27,9.568636236
17,7.769551079
0.28,9.552841969
11,7.958607315
0.26,9.585026652
0.13,9.886056648
0.5,9.301029996
0.46,9.337242168
9,8.045757491
135,6.869666232
639,6.194499142
1.3,8.886056648
1.4,8.853871964
2,8.698970004
6.3,8.200659451
16.9,7.772113295
4.1,8.387216143
1.1,8.958607315
2.8,8.552841969
1,9
1,9
1.6,8.795880017
1.9,8.721246399
1.2,8.920818754
1,9
2.3,8.638272164
2.5,8.602059991
190,6.721246399
18,7.744727495
35,7.455931956
220,6.657577319
89,7.050609993
15,7.823908741
108,6.966576245
65,7.187086643
20,7.698970004
9,8.045757491
708,6.149966742
14,7.853871964
29,7.537602002
484,6.315154638
155,6.809668302
108,6.966576245
525,6.279840697
25,7.602059991
181,6.742321425
26,7.585026652
9,8.045757491
347,6.459670525
72,7.142667504
276,6.559090918
200,6.698970004
6.7,8.173925197
11,7.958607315
692,6.159893906
54,7.26760624
16,7.795880017
156,6.806875402
83,7.080921908
437,6.359518563
261,6.583359493
813,6.089909454
17,7.769551079
21,7.677780705
39,7.408935393
761,6.118615343
34,7.468521083
45,7.346787486
35,7.455931956
590,6.229147988
480,6.318758763
594,6.226213555
13.4,7.872895202
45,7.346787486
24,7.619788758
35,7.455931956
43,7.366531544
35,7.455931956
11,7.958607315
73,7.13667714
454,6.342944147
24,7.619788758
20,7.698970004
8.4,8.075720714
4.7,8.327902142
4.3,8.366531544
7,8.15490196
46,7.337242168
41,7.387216143
35,7.455931956
34,7.468521083
32,7.494850022
23,7.638272164
14,7.853871964
13,7.886056648
11,7.958607315
8.9,8.050609993
8.6,8.065501549
8,8.096910013
7.7,8.113509275
7.7,8.113509275
5.4,8.26760624
5,8.301029996
4.8,8.318758763
4.1,8.387216143
4.1,8.387216143
4,8.397940009
4,8.397940009
3.8,8.420216403
3.8,8.420216403
2.8,8.552841969
2,8.698970004
0.8,9.096910013
0.2,9.698970004
10,8
10,8
10,8
10,8
460,6.337242168
310,6.508638306
38,7.420216403
1.86,8.730487056
273,6.563837353
6.5,8.187086643
1.2,8.920818754
1,9
571,6.243363892
1,9
67,7.173925197
0.95,9.022276395
97.4,7.011441043
16.5,7.782516056
70.4,7.152427341
5.72,8.242603971
105,6.978810701
871,6.059981845
23,7.638272164
23.4,7.630784143
271,6.567030709
792,6.101274818
45.6,7.341035157
33.2,7.478861916
6.88,8.162411562
10.9,7.962573502
8.43,8.074172425
141,6.850780887
10.8,7.966576245
2.73,8.563837353
294,6.53165267
3.62,8.441291429
5.48,8.261219442
44,7.356547324
4.5,8.346787486
4.7,8.327902142
345,6.462180905
23,7.638272164
34,7.468521083
345,6.462180905
77,7.113509275
56,7.251811973
354,6.450996738
4.6,8.337242168
3.7,8.431798276
5.6,8.251811973
4.3,8.366531544
6.5,8.187086643
54,7.26760624
4.5,8.346787486
87,7.060480747
66,7.180456064
35,7.455931956
209,6.679853714
766,6.11577123
399,6.399027104
251,6.600326279
171,6.76700389
405,6.392544977
17,7.769551079
5,8.301029996
5,8.301029996
17,7.769551079
2,8.698970004
5,8.301029996
5,8.301029996
1,9
17,7.769551079
7,8.15490196
12,7.920818754
6,8.22184875
7,8.15490196
7,8.15490196
5,8.301029996
3,8.522878745
21,7.677780705
5,8.301029996
2,8.698970004
3,8.522878745
2,8.698970004
18,7.744727495
30,7.522878745
12,7.920818754
4,8.397940009
5,8.301029996
3,8.522878745
2,8.698970004
7,8.15490196
7,8.15490196
11,7.958607315
6,8.22184875
2,8.698970004
2,8.698970004
4,8.397940009
62,7.207608311
22,7.657577319
167,6.777283529
12,7.920818754
17,7.769551079
60,7.22184875
11,7.958607315
11,7.958607315
8,8.096910013
3,8.522878745
31,7.508638306
33,7.48148606
25,7.602059991
6,8.22184875
123,6.910094889
6,8.22184875
13,7.886056648
18,7.744727495
2,8.698970004
6,8.22184875
24,7.619788758
9,8.045757491
1,9
2,8.698970004
2,8.698970004
8,8.096910013
27,7.568636236
52,7.283996656
38,7.420216403
10.5,7.978810701
500,6.301029996
46,7.337242168
44,7.356547324
7,8.15490196
0.5,9.301029996
0.5,9.301029996
1.2,8.920818754
0.9,9.045757491
0.3,9.522878745
45,7.346787486
5.6,8.251811973
3.5,8.455931956
1.6,8.795880017
1.1,8.958607315
7.1,8.148741651
4,8.397940009
0.2,9.698970004
0.3,9.522878745
0.7,9.15490196
5.1,8.292429824
0.9,9.045757491
1.2,8.920818754
6.5,8.187086643
168,6.774690718
417,6.379863945
80,7.096910013
27,7.568636236
0.04,10.39794001
1.4,8.853871964
0.8,9.096910013
1,9
8,8.096910013
8,8.096910013
5.6,8.251811973
5.7,8.244125144
3,8.522878745
15,7.823908741
35,7.455931956
24,7.619788758
16,7.795880017
51,7.292429824
13,7.886056648
29,7.537602002
117,6.931814138
224,6.649751982
495,6.305394801
60,7.22184875
187,6.728158393
93,7.031517051
19,7.721246399
19,7.721246399
81,7.091514981
177,6.752026734
80,7.096910013
7,8.15490196
38,7.420216403
18,7.744727495
39,7.408935393
77,7.113509275
30,7.522878745
3,8.522878745
22,7.657577319
101,6.995678626
376,6.424812155
12,7.920818754
61,7.214670165
21,7.677780705
56,7.251811973
30,7.522878745
245,6.610833916
523,6.281498311
145,6.838631998
263,6.580044252
57,7.244125144
89,7.050609993
33,7.48148606
79,7.102372909
369,6.432973634
308,6.511449283
439,6.35753548
92,7.036212173
332,6.478861916
184,6.735182177
10,8
68,7.167491087
128,6.89279003
67,7.173925197
15,7.823908741
5,8.301029996
17,7.769551079
12,7.920818754
32,7.494850022
70,7.15490196
29,7.537602002
31,7.508638306
2,8.698970004
22,7.657577319
8,8.096910013
11,7.958607315
7,8.15490196
46,7.337242168
74,7.13076828
1,9
98,7.008773924
94,7.026872146
14,7.853871964
98,7.008773924
14,7.853871964
67,7.173925197
239,6.621602099
335,6.474955193
5,8.301029996
40,7.397940009
18,7.744727495
33,7.48148606
269,6.57024772
13,7.886056648
69,7.161150909
27,7.568636236
36,7.443697499
48,7.318758763
417,6.379863945
139,6.8569852
149,6.826813732
86,7.065501549
66,7.180456064
63,7.200659451
10,8
1.5,8.823908741
8,8.096910013
7,8.15490196
45,7.346787486
32,7.494850022
47,7.327902142
44,7.356547324
20,7.698970004
5,8.301029996
6.7,8.173925197
12,7.920818754
724,6.140261434
330,6.48148606
73,7.13667714
1,9
81,7.091514981
28,7.552841969
58,7.236572006
120,6.920818754
167,6.777283529
22,7.657577319
68,7.167491087
12,7.920818754
65,7.187086643
44,7.356547324
57,7.244125144
72,7.142667504
47,7.327902142
11,7.958607315
42.7,7.369572125
855,6.068033885
969,6.013676223
0.8,9.096910013
3,8.522878745
4,8.397940009
36,7.443697499
126,6.899629455
149,6.826813732
2,8.698970004
38,7.420216403
217,6.663540266
241,6.617982957
47,7.327902142
17,7.769551079
35,7.455931956
22,7.657577319
26,7.585026652
100,7
3,8.522878745
17,7.769551079
106,6.974694135
89,7.050609993
463.8,6.333669256
69,7.161150909
43.2,7.364516253
59.3,7.226945307
42.2,7.374687549
60.2,7.220403509
31,7.508638306
36.6,7.436518915
90.5,7.043351421
38,7.420216403
382.4,6.417482116
107.3,6.969400278
294.9,6.530325227
137.8,6.860750782
151.5,6.819587367
168.5,6.773400095
192.1,6.716472635
34.7,7.459670525
81.8,7.087246696
95.8,7.018634491
43,7.366531544
182.3,6.739213331
35.7,7.447331784
94.3,7.025488307
32,7.494850022
35,7.455931956
25.1,7.600326279
47.2,7.326058001
69.1,7.160521953
690.6,6.160773426
161.8,6.791021483
304.8,6.515985037
193.2,6.713992878
903.2,6.044216071
0.28,9.552841969
0.2,9.698970004
0.2,9.698970004
0.4,9.397940009
0.1,10
0.4,9.397940009
0.3,9.522878745
0.2,9.698970004
1.4,8.853871964
1.2,8.920818754
0.7,9.15490196
0.8,9.096910013
13.1,7.882728704
0.4,9.397940009
2.7,8.568636236
1.3,8.886056648
32.9,7.482804102
2.6,8.585026652
1.6,8.795880017
0.6,9.22184875
1.1,8.958607315
34.9,7.457174573
17.6,7.754487332
4.2,8.37675071
1.3,8.886056648
0.9,9.045757491
6.7,8.173925197
5.3,8.27572413
40.9,7.388276692
32.5,7.488116639
129.3,6.888401475
659.1,6.181048688
374.4,6.42666416
106.7,6.971835581
129,6.88941029
2.7,8.568636236
4.4,8.356547324
1.8,8.744727495
73,7.13667714
56,7.251811973
34,7.468521083
290,6.537602002
9.4,8.026872146
11,7.958607315
210,6.677780705
84,7.075720714
11,7.958607315
23,7.638272164
12,7.920818754
14,7.853871964
23,7.638272164
2.2,8.657577319
5.4,8.26760624
5.4,8.26760624
26,7.585026652
515,6.288192771
58,7.236572006
10,8
316.2,6.500038134
7,8.15490196
0.9,9.045757491
35,7.455931956
1,9
1,9
88,7.055517328
45,7.346787486
24,7.619788758
40,7.397940009
13,7.886056648
55,7.259637311
36,7.443697499
29,7.537602002
27,7.568636236
184,6.735182177
15,7.823908741
15,7.823908741
27,7.568636236
20,7.698970004
38,7.420216403
18,7.744727495
21,7.677780705
28,7.552841969
23,7.638272164
22,7.657577319
42,7.37675071
14,7.853871964
222,6.653647026
61,7.214670165
51,7.292429824
41,7.387216143
20,7.698970004
3,8.522878745
44,7.356547324
29,7.537602002
19,7.721246399
19,7.721246399
16,7.795880017
27,7.568636236
18,7.744727495
20,7.698970004
18,7.744727495
5,8.301029996
5,8.301029996
6.2,8.207608311
